Constituency,Party,PC_ID,Name
Hackney North and Stoke Newington,Labour,E14000720,Diane Abbott
Oldham East and Saddleworth,Labour,E14000870,Debbie Abrahams
Selby and Ainsty,Conservative,E14000917,Nigel Adams
Hitchin and Harpenden,Conservative,E14000749,Peter Lilley
Windsor,Conservative,E14001042,Adam Afriyie
Waveney,Conservative,E14001022,Peter Aldous
Lewisham East,Labour,E14000789,Heidi Alexander
Bethnal Green and Bow,Labour,E14000555,Rushanara Ali
Telford,Conservative,E14000989,Lucy Allan
South Cambridgeshire,Conservative,E14000934,Heidi Allen
Tooting,Labour,E14000998,Rosena Allin-Khan
Weaver Vale,Labour,E14001024,Graham Evans
Southend West,Conservative,E14000957,David Amess
Pudsey,Conservative,E14000886,Stuart Andrew
Gower,Labour,W07000046,Byron Davies
Charnwood,Conservative,E14000625,Edward Argar
Leicester South,Labour/Co-operative,E14000783,Jon Ashworth
Louth and Horncastle,Conservative,E14000798,Victoria Atkins
Dudley North,Labour,E14000671,Ian Austin
South Norfolk,Conservative,E14000941,Richard Bacon
Saffron Walden,Conservative,E14000910,Alan Haselhurst
West Bromwich West,Labour/Co-operative,E14001030,Adrian Bailey
Wycombe,Conservative,E14001056,Steven Baker
West Worcestershire,Conservative,E14001035,Harriett Baldwin
North East Cambridgeshire,Conservative,E14000842,Stephen Barclay
Livingston,Scottish National Party,S14000044,Hannah Bardell
Basildon and Billericay,Conservative,E14000544,John Baron
Rother Valley,Labour,E14000903,Kevin Barron
Aberconwy,Conservative,W07000058,Guto Bebb
Derby South,Labour,E14000663,Margaret Beckett
North West Norfolk,Conservative,E14000859,Henry Bellingham
Leeds Central,Labour,E14000777,Hilary Benn
Newbury,Conservative,E14000830,Richard Benyon
Buckingham,Speaker,E14000608,John Bercow
Mole Valley,Conservative,E14000824,Paul Beresford
"Liverpool, Wavertree",Labour/Co-operative,E14000795,Luciana Berger
Rossendale and Darwen,Conservative,E14000902,Jake Berry
Sheffield South East,Labour,E14000922,Clive Betts
Paisley and Renfrewshire South,Scottish National Party,S14000053,Mhairi Black
"Ross, Skye and Lochaber",Scottish National Party,S14000055,Ian Blackford
Harrow East,Conservative,E14000731,Bob Blackman
Aberdeen North,Scottish National Party,S14000001,Kirsty Blackman
City of Durham,Labour,E14000641,Roberta Blackman-Woods
Sheffield Central,Labour,E14000921,Paul Blomfield
Reigate,Conservative,E14000893,Crispin Blunt
Grantham and Stamford,Conservative,E14000714,Nicholas Boles
Wellingborough,Conservative,E14001025,Peter Bone
Worthing West,Conservative,E14001055,Peter Bottomley
West Aberdeenshire and Kincardine,Conservative,S14000058,Stuart Donaldson
Batley and Spen,Labour/Co-operative,E14000548,Tracy Brabin
Mansfield,Conservative,E14000810,Alan Meale
Staffordshire Moorlands,Conservative,E14000966,Karen Bradley
Exeter,Labour,E14000698,Ben Bradshaw
Altrincham and Sale West,Conservative,E14000532,Graham Brady
Newry and Armagh,Sinn Féin,N06000011,Mickey Brady
Carshalton and Wallington,Liberal Democrat,E14000621,Tom Brake
Cardiff West,Labour,W07000079,Kevin Brennan
Stoke-on-Trent South,Conservative,E14000974,Rob Flello
North West Leicestershire,Conservative,E14000858,Andrew Bridgen
Winchester,Conservative,E14001041,Steve Brine
Edinburgh North and Leith,Scottish National Party,S14000023,Deidre Brock
Old Bexley and Sidcup,Conservative,E14000869,James Brokenshire
Kilmarnock and Loudoun,Scottish National Party,S14000040,Alan Brown
West Ham,Labour,E14001032,Lyn Brown
Newcastle upon Tyne East,Labour,E14000832,Nick Brown
Congleton,Conservative,E14000646,Fiona Bruce
Rhondda,Labour,W07000052,Chris Bryant
Westminster North,Labour,E14001036,Karen Buck
South Swindon,Conservative,E14000947,Robert Buckland
"Birmingham, Northfield",Labour,E14000565,Richard Burden
Brentwood and Ongar,Conservative,E14000594,Eric Pickles
Leeds East,Labour,E14000778,Richard Burgon
Bournemouth West,Conservative,E14000585,Conor Burns
North East Bedfordshire,Conservative,E14000841,Alistair Burt
Brent Central,Labour,E14000591,Dawn Butler
"Birmingham, Hodge Hill",Labour,E14000563,Liam Byrne
Twickenham,Liberal Democrat,E14001005,Tania Mathias
Brentford and Isleworth,Labour,E14000593,Ruth Cadbury
Vale of Glamorgan,Conservative,W07000078,Alun Cairns
"East Kilbride, Strathaven and Lesmahagow",Scottish National Party,S14000019,Lisa Cameron
Tynemouth,Labour,E14001006,Alan Campbell
East Londonderry,DUP,N06000006,Gregory Campbell
Blyth Valley,Labour,E14000575,Ronnie Campbell
"Liverpool, Walton",Labour,E14000794,Steve Rotheram
Orkney and Shetland,Liberal Democrat,S14000051,Alistair Carmichael
South Suffolk,Conservative,E14000946,James Cartlidge
Stone,Conservative,E14000975,Bill Cash
Lewes,Conservative,E14000786,Maria Caulfield
Cheltenham,Conservative,E14000630,Alex Chalk
Rotherham,Labour,E14000904,Sarah Champion
Dunfermline and West Fife,Scottish National Party,S14000017,Douglas Chapman
Darlington,Labour,E14000658,Jenny Chapman
"Enfield, Southgate",Labour,E14000691,David Burrowes
Edinburgh South West,Scottish National Party,S14000025,Joanna Cherry
Gillingham and Rainham,Conservative,E14000711,Rehman Chishti
Christchurch,Conservative,E14000638,Christopher Chope
Bury St Edmunds,Conservative,E14000613,Jo Churchill
Gordon,Conservative,S14000037,Alex Salmond
Tunbridge Wells,Conservative,E14001004,Greg Clark
Rushcliffe,Conservative,E14000908,Kenneth Clarke
Middlesbrough South and East Cleveland,Conservative,E14000820,Tom Blenkinsop
Braintree,Conservative,E14000590,James Cleverly
The Cotswolds,Conservative,E14000991,Geoffrey Clifton-Brown
Cynon Valley,Labour,W07000070,Ann Clwyd
Gedling,Labour,E14000710,Vernon Coaker
Stockport,Labour,E14000969,Ann Coffey
Suffolk Coastal,Conservative,E14000981,Therese Coffey
Folkestone and Hythe,Conservative,E14000704,Damian Collins
Burnley,Labour,E14000609,Julie Cooper
West Lancashire,Labour,E14001033,Rosie Cooper
"Normanton, Pontefract and Castleford",Labour,E14000836,Yvette Cooper
Islington North,Labour,E14000763,Jeremy Corbyn
South Leicestershire,Conservative,E14000940,Alberto Costa
Witney,Conservative,E14001046,Robert Courts
Inverclyde,Scottish National Party,S14000038,Ronnie Cowan
Torridge and West Devon,Conservative,E14001000,Geoffrey Cox
Bermondsey and Old Southwark,Labour,E14000553,Neil Coyle
Preseli Pembrokeshire,Conservative,W07000065,Stephen Crabb
Bolton North East,Labour,E14000578,David Crausby
Lanark and Hamilton East,Scottish National Party,S14000042,Angela Crawley
Wakefield,Labour,E14001009,Mary Creagh
Walthamstow,Labour/Co-operative,E14001013,Stella Creasy
Chatham and Aylesford,Conservative,E14000626,Tracey Crouch
Dagenham and Rainham,Labour,E14000657,Jon Cruddas
Leyton and Wanstead,Labour,E14000790,John Cryer
Bradford South,Labour,E14000588,Judith Cummins
Stockton North,Labour,E14000970,Alex Cunningham
Coventry South,Labour,E14000651,Jim Cunningham
Scunthorpe,Labour,E14000914,Nicholas Dakin
Kingston and Surbiton,Liberal Democrat,E14000770,James Berry
Caerphilly,Labour,W07000076,Wayne David
Brecon and Radnorshire,Conservative,W07000068,Chris Davies
Monmouth,Conservative,W07000054,David Davies
Swansea West,Labour/Co-operative,W07000047,Geraint Davies
Montgomeryshire,Conservative,W07000063,Glyn Davies
Eastleigh,Conservative,E14000685,Mims Davies
Shipley,Conservative,E14000925,Philip Davies
Haltemprice and Howden,Conservative,E14000724,David Davis
Linlithgow and East Falkirk,Scottish National Party,S14000043,Martyn Day
Battersea,Labour,E14000549,Jane Ellison
Ashfield,Labour,E14000535,Gloria De Piero
Bristol West,Labour,E14000602,Thangam Debbonaire
Kensington,Labour,E14000768,Victoria Borwick
Slough,Labour,E14000930,Fiona Mactaggart
Gosport,Conservative,E14000713,Caroline Dinenage
Huntingdon,Conservative,E14000757,Jonathan Djanogly
Aldershot,Conservative,E14000530,Gerald Howarth
West Dunbartonshire,Scottish National Party,S14000059,Martin Docherty
Oxford East,Labour/Co-operative,E14000873,Andrew Smith
Belfast North,DUP,N06000002,Nigel Dodds
Lagan Valley,DUP,N06000009,Jeffrey M. Donaldson
Chippenham,Conservative,E14000635,Michelle Donelan
Mid Bedfordshire,Conservative,E14000813,Nadine Dorries
St Austell and Newquay,Conservative,E14000961,Steve Double
Cardiff South and Penarth,Labour/Co-operative,W07000080,Stephen Doughty
Bootle,Labour,E14000581,Peter Dowd
Hertsmere,Conservative,E14000745,Oliver Dowden
Thurrock,Conservative,E14000995,Jackie Doyle-Price
South Dorset,Conservative,E14000936,Richard Drax
Stroud,Labour/Co-operative,E14000980,Neil Carmichael
"Birmingham, Erdington",Labour,E14000561,Jack Dromey
Rochford and Southend East,Conservative,E14000899,James Duddridge
Canterbury,Labour,E14000619,Julian Brazier
Banff and Buchan,Conservative,S14000007,Eilidh Whiteford
Rutland and Melton,Conservative,E14000909,Alan Duncan
Chingford and Woodford Green,Conservative,E14000634,Iain Duncan Smith
Ludlow,Conservative,E14000799,Philip Dunne
Wallasey,Labour,E14001010,Angela Eagle
Garston and Halewood,Labour,E14000708,Maria Eagle
Carmarthen East and Dinefwr,Plaid Cymru,W07000067,Jonathan Edwards
Eltham,Labour,E14000690,Clive Efford
Sunderland Central,Labour,E14000982,Julie Elliott
Northampton North,Conservative,E14000861,Michael Ellis
"Liverpool, Riverside",Labour/Co-operative,E14000793,Louise Ellman
Bournemouth East,Conservative,E14000584,Tobias Ellwood
Ogmore,Labour,W07000074,Chris Elmore
Dover,Conservative,E14000670,Charlie Elphicke
Sefton Central,Labour,E14000916,Bill Esterson
Camborne and Redruth,Conservative,E14000616,George Eustice
Islwyn,Labour/Co-operative,W07000077,Chris Evans
Ribble Valley,Conservative,E14000894,Nigel Evans
Bexleyheath and Crayford,Conservative,E14000558,David Evennett
Lichfield,Conservative,E14000791,Michael Fabricant
Sevenoaks,Conservative,E14000918,Michael Fallon
Newcastle-under-Lyme,Labour,E14000834,Paul Farrelly
Westmorland and Lonsdale,Liberal Democrat,E14001037,Tim Farron
Motherwell and Wishaw,Scottish National Party,S14000047,Marion Fellows
Fareham,Conservative,E14000699,Suella Fernandes
Birkenhead,Labour,E14000559,Frank Field
Cities of London and Westminster,Conservative,E14000639,Mark Field
Poplar and Limehouse,Labour,E14000882,Jim Fitzpatrick
Coventry North East,Labour,E14000649,Colleen Fletcher
Don Valley,Labour,E14000667,Caroline Flint
Newport West,Labour,W07000056,Paul Flynn
Chelmsford,Conservative,E14000628,Simon Burns
Torbay,Conservative,E14000999,Kevin Foster
Makerfield,Labour,E14000805,Yvonne Fovargue
North Somerset,Conservative,E14000850,Liam Fox
"Lewisham, Deptford",Labour,E14000788,Vicky Foxcroft
Rayleigh and Wickford,Conservative,E14000888,Mark Francois
South East Cambridgeshire,Conservative,E14000937,Lucy Frazer
Mid Norfolk,Conservative,E14000816,George Freeman
Finchley and Golders Green,Conservative,E14000703,Mike Freer
Bury North,Labour,E14000611,David Nuttall
"Sheffield, Brightside and Hillsborough",Labour,E14000923,Gill Furniss
Yeovil,Conservative,E14001060,Marcus Fysh
"Coatbridge, Chryston and Bellshill",Labour,S14000011,Phil Boswell
North Thanet,Conservative,E14000852,Roger Gale
Ilford South,Labour/Co-operative,E14000760,Mike Gapes
Brent North,Labour,E14000592,Barry Gardiner
Wyre Forest,Conservative,E14001058,Mark Garnier
South West Hertfordshire,Conservative,E14000951,David Gauke
High Peak,Labour,E14000748,Andrew Bingham
North East Fife,Scottish National Party,S14000049,Stephen Gethins
Wealden,Conservative,E14001023,Nusrat Ghani
Bognor Regis and Littlehampton,Conservative,E14000576,Nick Gibb
North Ayrshire and Arran,Scottish National Party,S14000048,Patricia Gibson
Fermanagh and South Tyrone,Sinn Féin,N06000007,Tom Elliott
"Birmingham, Edgbaston",Labour/Co-operative,E14000560,Gisela Stuart
Chesham and Amersham,Conservative,E14000631,Cheryl Gillan
South Antrim,DUP,N06000014,Danny Kinahan
Salisbury,Conservative,E14000912,John Glen
North Tyneside,Labour,E14000853,Mary Glindon
"Birmingham, Hall Green",Labour,E14000562,Roger Godsiff
Richmond Park,Conservative,E14000896,Sarah Olney
Bishop Auckland,Labour,E14000569,Helen Goodman
Scarborough and Whitby,Conservative,E14000913,Robert Goodwill
Surrey Heath,Conservative,E14000983,Michael Gove
Glasgow North,Scottish National Party,S14000031,Patrick Grady
Ochil and South Perthshire,Conservative,S14000050,Tasmina Ahmed-Sheikh
Gloucester,Conservative,E14000712,Richard Graham
"Ayr, Carrick and Cumnock",Conservative,S14000006,Corri Wilson
Maidstone and The Weald,Conservative,E14000804,Helen Grant
Glenrothes,Scottish National Party,S14000036,Peter Grant
North Wiltshire,Conservative,E14000860,James Gray
Airdrie and Shotts,Scottish National Party,S14000003,Neil Gray
Epsom and Ewell,Conservative,E14000694,Chris Grayling
Bolton West,Conservative,E14000580,Chris Green
Ashford,Conservative,E14000536,Damian Green
Stretford and Urmston,Labour,E14000979,Kate Green
Putney,Conservative,E14000887,Justine Greening
Nottingham South,Labour,E14000867,Lilian Greenwood
Wirral West,Labour,E14001044,Margaret Greenwood
Beaconsfield,Conservative,E14000550,Dominic Grieve
Llanelli,Labour,W07000045,Nia Griffith
Burton,Conservative,E14000610,Andrew Griffiths
Keighley,Labour,E14000766,Kris Hopkins
Denton and Reddish,Labour,E14000661,Andrew Gwynne
East Surrey,Conservative,E14000681,Sam Gyimah
"Sheffield, Heeley",Labour,E14000920,Louise Haigh
Angus,Conservative,S14000004,Michael Weir
Harlow,Conservative,E14000729,Robert Halfon
Thornbury and Yate,Conservative,E14000994,Luke Hall
Leeds North East,Labour,E14000779,Fabian Hamilton
Runnymede and Weybridge,Conservative,E14000907,Philip Hammond
Wimbledon,Conservative,E14001040,Stephen Hammond
West Suffolk,Conservative,E14001034,Matthew Hancock
Chelsea and Fulham,Conservative,E14000629,Greg Hands
Delyn,Labour,W07000042,David Hanson
Kingston upon Hull West and Hessle,Labour,E14000773,Alan Johnson
Camberwell and Peckham,Labour,E14000615,Harriet Harman
Forest of Dean,Conservative,E14000705,Mark Harper
Watford,Conservative,E14001021,Richard Harrington
Swansea East,Labour,W07000048,Carolyn Harris
Castle Point,Conservative,E14000622,Rebecca Harris
Copeland,Conservative,E14000647,Trudy Harrison
Carmarthen West and South Pembrokeshire,Conservative,W07000066,Simon Hart
Dulwich and West Norwood,Labour,E14000673,Helen Hayes
South Holland and The Deepings,Conservative,E14000939,John Hayes
Workington,Labour,E14001053,Sue Hayman
South Down,Sinn Féin,N06000015,Margaret Ritchie
North East Hertfordshire,Conservative,E14000845,Oliver Heald
Wentworth and Dearne,Labour,E14001028,John Healey
Wells,Conservative,E14001026,James Heappey
Daventry,Conservative,E14000660,Chris Heaton-Harris
North Devon,Conservative,E14000838,Peter Heaton-Jones
Sittingbourne and Sheppey,Conservative,E14000927,Gordon Henderson
Preston,Labour/Co-operative,E14000885,Mark Hendrick
"Inverness, Nairn, Badenoch and Strathspey",Scottish National Party,S14000039,Drew Hendry
Jarrow,Labour,E14000765,Stephen Hepburn
Arundel and South Downs,Conservative,E14000534,Nick Herbert
North Down,Independent,N06000013,Sylvia Hermon
Hartlepool,Labour,E14000733,Iain Wright
Hackney South and Shoreditch,Labour/Co-operative,E14000721,Meg Hillier
East Hampshire,Conservative,E14000680,Damian Hinds
North Dorset,Conservative,E14000839,Simon Hoare
Bath,Liberal Democrat,E14000547,Ben Howlett
Barking,Labour,E14000540,Margaret Hodge
Washington and Sunderland West,Labour,E14001020,Sharon Hodgson
Vauxhall,Labour,E14001008,Kate Hoey
Blackburn,Labour,E14000570,Kate Hollern
Meon Valley,Conservative,E14000811,George Hollingbery
Thirsk and Malton,Conservative,E14000993,Kevin Hollinrake
Kettering,Conservative,E14000769,Philip Hollobone
Gravesham,Conservative,E14000715,Adam Holloway
Luton North,Labour,E14000800,Kelvin Hopkins
Dundee East,Scottish National Party,S14000015,Stewart Hosie
Knowsley,Labour,E14000775,George Howarth
Henley,Conservative,E14000742,John Howell
Chorley,Labour,E14000637,Lindsay Hoyle
Mid Worcestershire,Conservative,E14000818,Nigel Huddleston
Walsall North,Conservative,E14001011,David Winnick
South West Surrey,Conservative,E14000953,Jeremy Hunt
Ealing Central and Acton,Labour,E14000676,Rupa Huq
"Ruislip, Northwood and Pinner",Conservative,E14000906,Nick Hurd
Bradford East,Labour,E14000587,Imran Hussain
Dumfries and Galloway,Conservative,S14000013,Richard Arkless
Stourbridge,Conservative,E14000976,Margot James
Edinburgh West,Liberal Democrat,S14000026,Michelle Thomson
Barnsley Central,Labour,E14000541,Dan Jarvis
Bromsgrove,Conservative,E14000605,Sajid Javid
North East Hampshire,Conservative,E14000844,Ranil Jayawardena
Harwich and North Essex,Conservative,E14000734,Bernard Jenkin
Morley and Outwood,Conservative,E14000826,Andrea Jenkyns
Newark,Conservative,E14000829,Robert Jenrick
Uxbridge and South Ruislip,Conservative,E14001007,Boris Johnson
Sleaford and North Hykeham,Conservative,E14000929,Caroline Johnson
Kingston upon Hull North,Labour,E14000772,Diana R. Johnson
Dartford,Conservative,E14000659,Gareth Johnson
Orpington,Conservative,E14000872,Jo Johnson
Harrogate and Knaresborough,Conservative,E14000730,Andrew Jones
Bristol North West,Labour,E14000600,Charlotte Leslie
Clwyd West,Conservative,W07000059,David Jones
Merthyr Tydfil and Rhymney,Labour,W07000071,Gerald Jones
Hyndburn,Labour,E14000758,Graham Jones
Warrington North,Labour,E14001017,Helen Jones
North Durham,Labour,E14000840,Kevan Jones
Nuneaton,Conservative,E14000868,Marcus Jones
Croydon Central,Labour,E14000654,Gavin Barwell
Clwyd South,Labour,W07000062,Susan Elan Jones
Wythenshawe and Sale East,Labour,E14001059,Mike Kane
Shrewsbury and Atcham,Conservative,E14000926,Daniel Kawczynski
Chichester,Conservative,E14000633,Andrew Tyrie
Worsley and Eccles South,Labour,E14001054,Barbara Keeley
Leicester West,Labour,E14000784,Liz Kendall
South Ribble,Conservative,E14000943,Seema Kennedy
Stirling,Conservative,S14000057,Steven Paterson
Rutherglen and Hamilton West,Labour/Co-operative,S14000056,Margaret Ferrier
Aberavon,Labour,W07000049,Stephen Kinnock
East Yorkshire,Conservative,E14000683,Greg Knight
Solihull,Conservative,E14000931,Julian Knight
Spelthorne,Conservative,E14000959,Kwasi Kwarteng
Hove,Labour,E14000755,Peter Kyle
Epping Forest,Conservative,E14000693,Eleanor Laing
Kirkcaldy and Cowdenbeath,Labour,S14000041,Roger Mullin
Ceredigion,Plaid Cymru,W07000064,Mark Williams
North Norfolk,Liberal Democrat,E14000848,Norman Lamb
Tottenham,Labour,E14001002,David Lammy
"Berwickshire, Roxburgh and Selkirk",Conservative,S14000008,Calum Kerr
Milton Keynes North,Conservative,E14000821,Mark Lancaster
Mid Derbyshire,Conservative,E14000814,Pauline Latham
Wansbeck,Labour,E14001014,Ian Lavery
Dundee West,Scottish National Party,S14000016,Chris Law
South Northamptonshire,Conservative,E14000942,Andrea Leadsom
Lincoln,Labour,E14000792,Karl McCartney
Bracknell,Conservative,E14000586,Phillip Lee
Stafford,Conservative,E14000965,Jeremy Lefroy
Gainsborough,Conservative,E14000707,Edward Leigh
Nottingham East,Labour/Co-operative,E14000865,Chris Leslie
West Dorset,Conservative,E14001031,Oliver Letwin
South Shields,Labour,E14000944,Emma Lewell-Buck
Northampton South,Conservative,E14000862,David Mackintosh
Great Yarmouth,Conservative,E14000717,Brandon Lewis
Norwich South,Labour,E14000864,Clive Lewis
Bury South,Labour,E14000612,Ivan Lewis
New Forest East,Conservative,E14000827,Julian Lewis
Bridgwater and West Somerset,Conservative,E14000595,Ian Liddell-Grainger
Aylesbury,Conservative,E14000538,David Lidington
Glasgow East,Scottish National Party,S14000030,Natalie McGarry
Belfast South,DUP,N06000003,Alasdair McDonnell
Eastbourne,Liberal Democrat,E14000684,Caroline Ansell
Rochdale,Labour,E14000897,Simon Danczuk
Salford and Eccles,Labour,E14000911,Rebecca Long-Bailey
Hornchurch and Upminster,Conservative,E14000751,Angela Watkinson
Filton and Bradley Stoke,Conservative,E14000702,Jack Lopresti
Woking,Conservative,E14001047,Jonathan Lord
East Worthing and Shoreham,Conservative,E14000682,Tim Loughton
"Brighton, Pavilion",Green,E14000598,Caroline Lucas
Wrexham,Labour,W07000044,Ian Lucas
Halifax,Labour,E14000723,Holly Lynch
South Thanet,Conservative,E14000948,Craig Mackinlay
Redditch,Conservative,E14000892,Karen Lumley
Na h-Eileanan an Iar,Scottish National Party,S14000027,Angus MacNeil
Ellesmere Port and Neston,Labour,E14000688,Justin Madders
"Birmingham, Perry Barr",Labour,E14000566,Khalid Mahmood
"Birmingham, Ladywood",Labour,E14000564,Shabana Mahmood
St Albans,Conservative,E14000960,Anne Main
Havant,Conservative,E14000736,Alan Mak
Feltham and Heston,Labour/Co-operative,E14000701,Seema Malhotra
North West Hampshire,Conservative,E14000857,Kit Malthouse
Bassetlaw,Labour,E14000546,John Mann
North Cornwall,Conservative,E14000837,Scott Mann
Blackpool South,Labour,E14000573,Gordon Marsden
Ipswich,Labour,E14000761,Ben Gummer
York Central,Labour/Co-operative,E14001061,Rachael Maskell
Belfast West,Sinn Féin,N06000004,Paul Maskey
East Renfrewshire,Conservative,S14000021,Kirsten Oswald
City of Chester,Labour,E14000640,Chris Matheson
Maidenhead,Conservative,E14000803,Theresa May
Blackpool North and Cleveleys,Conservative,E14000572,Paul Maynard
"Birmingham, Selly Oak",Labour,E14000567,Steve McCabe
Foyle,Sinn Féin,N06000008,Mark Durkan
Bristol East,Labour,E14000599,Kerry McCarthy
Mitcham and Morden,Labour,E14000823,Siobhain McDonagh
Middlesbrough,Labour,E14000819,Andy McDonald
Glasgow South,Scottish National Party,S14000034,Stewart McDonald
"Cumbernauld, Kilsyth and Kirkintilloch East",Scottish National Party,S14000012,Stuart McDonald
Hayes and Harlington,Labour,E14000737,John Martin McDonnell
Wolverhampton South East,Labour,E14001050,Pat McFadden
St Helens North,Labour,E14000962,Conor McGinn
Wirral South,Labour,E14001043,Alison McGovern
Heywood and Middleton,Labour,E14000747,Liz McInnes
Newcastle upon Tyne North,Labour,E14000833,Catherine McKinnell
Derbyshire Dales,Conservative,E14000664,Patrick McLoughlin
Oldham West and Royton,Labour/Co-operative,E14000871,Jim McMahon
Cardiff North,Labour,W07000051,Craig Williams
Falkirk,Scottish National Party,S14000028,John McNally
Stevenage,Conservative,E14000968,Stephen McPartland
Tatton,Conservative,E14000987,George Osborne
Gateshead,Labour,E14000709,Ian Mearns
Fylde,Conservative,E14000706,Mark Menzies
"Plymouth, Moor View",Conservative,E14000879,Johnny Mercer
Bexhill and Battle,Conservative,E14000557,Huw Merriman
South Basildon and East Thurrock,Conservative,E14000933,Stephen Metcalfe
Doncaster North,Labour,E14000669,Ed Miliband
Basingstoke,Conservative,E14000545,Maria Miller
Cannock Chase,Conservative,E14000618,Amanda Milling
Amber Valley,Conservative,E14000533,Nigel Mills
Guildford,Conservative,E14000719,Anne Milton
Sutton Coldfield,Conservative,E14000985,Andrew Mitchell
Mid Ulster,Sinn Féin,N06000010,Francie Molloy
Glasgow North West,Scottish National Party,S14000033,Carol Monaghan
Bridgend,Labour,W07000073,Madeleine Moon
Southport,Conservative,E14000958,John Pugh
Oxford West and Abingdon,Liberal Democrat,E14000874,Nicola Blackwood
Portsmouth North,Conservative,E14000883,Penny Mordaunt
Newport East,Labour,W07000055,Jessica Morden
Loughborough,Conservative,E14000797,Nicky Morgan
Portsmouth South,Labour,E14000884,Flick Drummond
Newton Abbot,Conservative,E14000835,Anne Marie Morris
Morecambe and Lunesdale,Conservative,E14000825,David Morris
Easington,Labour,E14000677,Grahame Morris
Halesowen and Rowley Regis,Conservative,E14000722,James Morris
Aldridge-Brownhills,Conservative,E14000531,Wendy Morton
"Dumfriesshire, Clydesdale and Tweeddale",Conservative,S14000014,David Mundell
Edinburgh South,Labour,S14000024,Ian Murray
South East Cornwall,Conservative,E14000938,Sheryll Murray
South West Wiltshire,Conservative,E14000954,Andrew Murrison
Wigan,Labour,E14001039,Lisa Nandy
Bromley and Chislehurst,Conservative,E14000604,Bob Neill
Paisley and Renfrewshire North,Scottish National Party,S14000052,Gavin Newlands
Truro and Falmouth,Conservative,E14001003,Sarah Newton
Romsey and Southampton North,Conservative,E14000901,Caroline Nokes
Hereford and South Herefordshire,Conservative,E14000743,Jesse Norman
Nottingham North,Labour/Co-operative,E14000866,Graham Allen
Harborough,Conservative,E14000728,Edward Garnier
Argyll and Bute,Scottish National Party,S14000005,Brendan O'Hara
"Sheffield, Hallam",Labour,E14000919,Nick Clegg
Hendon,Conservative,E14000741,Matthew Offord
Peterborough,Labour,E14000878,Stewart Jackson
Great Grimsby,Labour,E14000716,Melanie Onn
Newcastle upon Tyne Central,Labour,E14000831,Chi Onwurah
Hexham,Conservative,E14000746,Guy Opperman
Edmonton,Labour/Co-operative,E14000687,Kate Osamor
Ynys Mon,Labour,W07000041,Albert Owen
North Antrim,DUP,N06000012,Ian Paisley Jnr
Tiverton and Honiton,Conservative,E14000996,Neil Parish
Witham,Conservative,E14001045,Priti Patel
North Shropshire,Conservative,E14000849,Owen Paterson
Rugby,Conservative,E14000905,Mark Pawsey
Barnsley East,Labour,E14000542,Michael Dugher
Erith and Thamesmead,Labour,E14000696,Teresa Pearce
Hemel Hempstead,Conservative,E14000739,Mike Penning
Greenwich and Woolwich,Labour,E14000718,Matthew Pennycook
Weston-Super-Mare,Conservative,E14001038,John Penrose
Brigg and Goole,Conservative,E14000596,Andrew Percy
Chesterfield,Labour,E14000632,Toby Perkins
Devizes,Conservative,E14000665,Claire Perry
"Birmingham, Yardley",Labour,E14000568,Jess Phillips
Houghton and Sunderland South,Labour,E14000754,Bridget Phillipson
Croydon South,Conservative,E14000656,Chris Philp
North West Durham,Labour,E14000856,Pat Glass
Tamworth,Conservative,E14000986,Christopher Pincher
Leigh,Labour/Co-operative,E14000785,Andy Burnham
"Plymouth, Sutton and Devonport",Labour/Co-operative,E14000880,Oliver Colvile
Central Suffolk and North Ipswich,Conservative,E14000624,Daniel Poulter
Ealing North,Labour,E14000674,Steve Pound
Taunton Deane,Conservative,E14000988,Rebecca Pow
Manchester Central,Labour/Co-operative,E14000807,Lucy Powell
Banbury,Conservative,E14000539,Victoria Prentis
Hertford and Stortford,Conservative,E14000744,Mark Prisk
The Wrekin,Conservative,E14000992,Mark Pritchard
Corby,Conservative,E14000648,Tom Pursglove
Horsham,Conservative,E14000753,Jeremy Quin
Colchester,Conservative,E14000644,Will Quince
Bolton South East,Labour,E14000579,Yasmin Qureshi
Esher and Walton,Conservative,E14000697,Dominic Raab
Warrington South,Labour,E14001018,David Mowat
Ashton-under-Lyne,Labour,E14000537,Angela Rayner
Wokingham,Conservative,E14001048,John Redwood
Croydon North,Labour/Co-operative,E14000655,Steve Reed
Neath,Labour/Co-operative,W07000069,Christina Rees
North East Somerset,Conservative,E14000846,Jacob Rees-Mogg
Lewisham West and Penge,Labour,E14000787,Jim Dowd
Leeds West,Labour,E14000781,Rachel Reeves
Wolverhampton North East,Labour,E14001049,Emma Reynolds
Stalybridge and Hyde,Labour/Co-operative,E14000967,Jonathan Reynolds
St Helens South and Whiston,Labour,E14000963,Marie Rimmer
Tewkesbury,Conservative,E14000990,Laurence Robertson
Belfast East,DUP,N06000001,Gavin Robinson
Coventry North West,Labour,E14000650,Geoffrey Robinson
Cheadle,Conservative,E14000627,Mary Robinson
Reading East,Labour,E14000889,Rob Wilson
Romford,Conservative,E14000900,Andrew Rosindell
Moray,Conservative,S14000046,Angus Robertson
Midlothian,Labour,S14000045,Owen Thompson
North East Derbyshire,Conservative,E14000843,Natascha Engel
Vale of Clwyd,Labour,W07000060,James Davies
Hastings and Rye,Conservative,E14000735,Amber Rudd
"Brighton, Kemptown",Labour/Co-operative,E14000597,Simon Kirby
Macclesfield,Conservative,E14000802,David Rutley
Enfield North,Labour,E14000692,Joan Ryan
Eddisbury,Conservative,E14000686,Antoinette Sandbach
Dwyfor Meirionnydd,Plaid Cymru,W07000061,Liz Saville-Roberts
Sutton and Cheam,Conservative,E14000984,Paul Scully
Isle of Wight,Conservative,E14000762,Andrew Turner
South West Bedfordshire,Conservative,E14000949,Andrew Selous
Bradford West,Labour,E14000589,Naseem Shah
Strangford,DUP,N06000016,Jim Shannon
Welwyn Hatfield,Conservative,E14001027,Grant Shapps
Reading West,Conservative,E14000890,Alok Sharma
"Ealing, Southall",Labour,E14000675,Virendra Sharma
Huddersfield,Labour/Co-operative,E14000756,Barry Sheerman
Elmet and Rothwell,Conservative,E14000689,Alec Shelbrooke
Edinburgh East,Scottish National Party,S14000022,Tommy Sheppard
Dewsbury,Labour,E14000666,Paula Sherriff
Luton South,Labour/Co-operative,E14000801,Gavin Shuker
Hampstead and Kilburn,Labour,E14000727,Tulip Siddiq
Upper Bann,DUP,N06000017,David Simpson
Broadland,Conservative,E14000603,Keith Simpson
Kingswood,Conservative,E14000774,Chris Skidmore
Bolsover,Labour,E14000577,Dennis Skinner
Hammersmith,Labour,E14000726,Andrew Slaughter
Stoke-on-Trent North,Labour,E14000973,Ruth Smeeth
Penistone and Stocksbridge,Labour,E14000876,Angela Smith
Lancaster and Fleetwood,Labour,E14000776,Cat Smith
Norwich North,Conservative,E14000863,Chloe Smith
Wolverhampton South West,Labour,E14001051,Rob Marris
Crawley,Conservative,E14000652,Henry Smith
"Manchester, Withington",Labour,E14000809,Jeff Smith
Skipton and Ripon,Conservative,E14000928,Julian Smith
Crewe and Nantwich,Labour,E14000653,Edward Timpson
Blaenau Gwent,Labour,W07000072,Nick Smith
Pontypridd,Labour,W07000075,Owen Smith
"Southampton, Itchen",Conservative,E14000955,Royston Smith
Bristol South,Labour,E14000601,Karin Smyth
Stoke-on-Trent Central,Labour/Co-operative,E14000972,Gareth Snell
Mid Sussex,Conservative,E14000817,Nicholas Soames
Leeds North West,Labour/Co-operative,E14000780,Greg Mulholland
Broxtowe,Conservative,E14000607,Anna Soubry
Warley,Labour,E14001016,John Spellar
Meriden,Conservative,E14000812,Caroline Spelman
Sherwood,Conservative,E14000924,Mark Spencer
Holborn and St Pancras,Labour,E14000750,Keir Starmer
Glasgow South West,Scottish National Party,S14000035,Chris Stephens
Pendle,Conservative,E14000875,Andrew Stephenson
Cardiff Central,Labour,W07000050,Jo Stevens
Carlisle,Conservative,E14000620,John Stevenson
Beckenham,Conservative,E14000551,Bob Stewart
Milton Keynes South,Conservative,E14000822,Iain Stewart
Penrith and The Border,Conservative,E14000877,Rory Stewart
"Caithness, Sutherland and Easter Ross",Liberal Democrat,S14000009,Paul Monaghan
South West Devon,Conservative,E14000950,Gary Streeter
Ilford North,Labour,E14000759,Wes Streeting
Central Devon,Conservative,E14000623,Mel Stride
Blackley and Broughton,Labour,E14000571,Graham Stringer
Beverley and Holderness,Conservative,E14000556,Graham Stuart
York Outer,Conservative,E14001062,Julian Sturdy
Richmond (Yorks),Conservative,E14000895,Rishi Sunak
New Forest West,Conservative,E14000828,Desmond Swayne
Glasgow North East,Labour,S14000032,Anne McLaughlin
East Dunbartonshire,Liberal Democrat,S14000018,John Nicolson
East Devon,Conservative,E14000678,Hugo Swire
Poole,Conservative,E14000881,Robert Syms
Alyn and Deeside,Labour,W07000043,Mark Tami
Glasgow Central,Scottish National Party,S14000029,Alison Thewliss
St Ives,Conservative,E14000964,Derek Thomas
Harrow West,Labour/Co-operative,E14000732,Gareth Thomas
Torfaen,Labour,W07000053,Nick Thomas-Symonds
Aberdeen South,Conservative,S14000002,Callum McCaig
Islington South and Finsbury,Labour,E14000764,Emily Thornberry
Erewash,Conservative,E14000695,Maggie Throup
East Ham,Labour,E14000679,Stephen Timms
Rochester and Strood,Conservative,E14000898,Kelly Tolhurst
North Swindon,Conservative,E14000851,Justin Tomlinson
Mid Dorset and North Poole,Conservative,E14000815,Michael Tomlinson
North Warwickshire,Conservative,E14000854,Craig Tracey
Bosworth,Conservative,E14000583,David Tredinnick
Berwick-upon-Tweed,Conservative,E14000554,Anne-Marie Trevelyan
Hemsworth,Labour,E14000740,Jon Trickett
South West Norfolk,Conservative,E14000952,Elizabeth Truss
Tonbridge and Malling,Conservative,E14000997,Thomas Tugendhat
Redcar,Labour/Co-operative,E14000891,Anna Turley
Kingston upon Hull East,Labour,E14000771,Karl Turner
Halton,Labour,E14000725,Derek Twigg
"Liverpool, West Derby",Labour/Co-operative,E14000796,Stephen Twigg
Blaydon,Labour,E14000574,David Anderson
Streatham,Labour,E14000978,Chuka Umunna
Wantage,Conservative,E14001015,Ed Vaizey
North West Cambridgeshire,Conservative,E14000855,Shailesh Vara
Leicester East,Labour,E14000782,Keith Vaz
Walsall South,Labour,E14001012,Valerie Vaz
Cleethorpes,Conservative,E14000643,Martin Vickers
Chipping Barnet,Conservative,E14000636,Theresa Villiers
Broxbourne,Conservative,E14000606,Charles Walker
Worcester,Conservative,E14001052,Robin Walker
Colne Valley,Labour,E14000645,Jason McCartney
Wyre and Preston North,Conservative,E14001057,Ben Wallace
Somerton and Frome,Conservative,E14000932,David Warburton
Boston and Skegness,Conservative,E14000582,Matt Warman
Clacton,Conservative,E14000642,Douglas Carswell
West Bromwich East,Labour,E14001029,Tom Watson
Hornsey and Wood Green,Labour,E14000752,Catherine West
Warwick and Leamington,Labour,E14001019,Chris White
Faversham and Mid Kent,Conservative,E14000700,Helen Whately
South Derbyshire,Conservative,E14000935,Heather Wheeler
"Southampton, Test",Labour,E14000956,Alan Whitehead
East Lothian,Labour,S14000020,George Kerevan
Central Ayrshire,Scottish National Party,S14000010,Philippa Whitford
Calder Valley,Conservative,E14000614,Craig Whittaker
Maldon,Conservative,E14000806,John Whittingdale
North Herefordshire,Conservative,E14000847,Bill Wiggin
Arfon,Plaid Cymru,W07000057,Hywel Williams
Stockton South,Labour,E14000971,James Wharton
Derby North,Labour,E14000662,Amanda Solloway
South Staffordshire,Conservative,E14000945,Gavin Williamson
Sedgefield,Labour,E14000915,Phil Wilson
East Antrim,DUP,N06000005,Sammy Wilson
Doncaster Central,Labour,E14000668,Rosie Winterton
Perth and North Perthshire,Scottish National Party,S14000054,Pete Wishart
Totnes,Conservative,E14001001,Sarah Wollaston
Dudley South,Conservative,E14000672,Mike Wood
Barrow and Furness,Labour/Co-operative,E14000543,John Woodcock
Hazel Grove,Conservative,E14000738,William Wragg
Kenilworth and Southam,Conservative,E14000767,Jeremy Wright
Bedford,Labour,E14000552,Richard Fuller
Stratford-on-Avon,Conservative,E14000977,Nadhim Zahawi
Cambridge,Labour,E14000617,Daniel Zeichner
"Manchester, Gorton",Labour,E14000808,Afzal Khan
